"id";"type";"specialization";"name";"documentation";"sourceid";"targetid"
"id-88ac0af494ab465bbeb6c776f4c9dfc8";"AssociationRelationship";;;;"id-082e83c2ffcc4c91a05f73e56c99ec82";"id-5d4942e3f01a4daba7eb5b35c4953644"
"id-cd6f7bda15734686b0237d83c9a3e339";"AssociationRelationship";;;;"id-82de9bd16c4c407892aa705eddc1261d";"id-5d4942e3f01a4daba7eb5b35c4953644"
"id-ba35161c95504b52a87b568f66721c75";"AssociationRelationship";;;;"id-8c0c34d240a4441da93b8a1644564b9d";"id-5d4942e3f01a4daba7eb5b35c4953644"
"id-031dcd330979473d844079f334dc2e63";"AssociationRelationship";;;;"id-8c0c34d240a4441da93b8a1644564b9d";"id-145b2526247f4f02bfef814812dc92d9"
"id-1010c32b0a8e4bc1bab85990a07de7d6";"AssociationRelationship";;;;"id-bb88c6c14303496d968ffd92ee5404d3";"id-145b2526247f4f02bfef814812dc92d9"
"id-0aadb50fa1294dca84f9f680064c35cd";"AssociationRelationship";;;;"id-f7bad452ecaf4f40a0f9dd7c8d0cd6be";"id-145b2526247f4f02bfef814812dc92d9"
"id-eb507873cbb24645891bfffe4ec2bc32";"AggregationRelationship";;;;"id-82de9bd16c4c407892aa705eddc1261d";"id-97f6696d18a341ee913df7a97a9f4bd0"
"id-1072bbc9c71a43f6bd491dc108cf1799";"AssociationRelationship";;;;"id-97f6696d18a341ee913df7a97a9f4bd0";"id-67892632d0ef42a2b362154c37ec90a9"
"id-c9dd5fb1305e4fa0a3a8fa42f53016c5";"AssociationRelationship";;;;"id-97f6696d18a341ee913df7a97a9f4bd0";"id-6faf1b7ff774435584aefa2727f5ba20"
"id-9125570275ef4c8d8d9aa718be019284";"InfluenceRelationship";;;;"id-8377434cd99543ae9b905acf518b38f9";"id-97f6696d18a341ee913df7a97a9f4bd0"
"id-85656ed62c5140f88e5a25fe2e277455";"InfluenceRelationship";;;;"id-b654149e8b4b49efa79f073473dfc305";"id-97f6696d18a341ee913df7a97a9f4bd0"
"id-fdbe934b327446a4a93feae8d63e8239";"AggregationRelationship";;;;"id-b654149e8b4b49efa79f073473dfc305";"id-778881bc719f43418689c8f1c138d05e"
"id-bc1d8ca5b60248969d1869077269e030";"AggregationRelationship";;;;"id-8377434cd99543ae9b905acf518b38f9";"id-04ae8d4a65a942bc87193162bfbdf710"
"id-cf0311a88c8644f591fad4a9339dab97";"AggregationRelationship";;;;"id-8377434cd99543ae9b905acf518b38f9";"id-d44662d3984845868394da79007de9ab"
"id-b8190c0598f64f7ba62e8267d1a1d98e";"RealizationRelationship";;;;"id-2a1f2097b7b64e9a8c7599ce8d868497";"id-27481cf7c70f47faa792099e2bc0d393"
"id-158d6dd6a304449e84d19bfbc7a72f50";"RealizationRelationship";;;;"id-2a1f2097b7b64e9a8c7599ce8d868497";"id-d44662d3984845868394da79007de9ab"
"id-795e031f309844e69e6a1c20b64f5b5a";"RealizationRelationship";;;;"id-3f21a591224e4e57af8bf54bc2c4821b";"id-d44662d3984845868394da79007de9ab"
"id-7b6cb6f96e6c4ae48c81741fccb3f968";"AssociationRelationship";;;;"id-591f81fc78f44d62a14737921a9487e6";"id-97f6696d18a341ee913df7a97a9f4bd0"
"id-a85b477a97a14b2a8b0a6389e4ccf90d";"InfluenceRelationship";;;;"id-908686ae670943c596a3943039aa13a7";"id-97f6696d18a341ee913df7a97a9f4bd0"
"id-7742008deecd45df9132867fc84fca90";"InfluenceRelationship";;;;"id-8377434cd99543ae9b905acf518b38f9";"id-908686ae670943c596a3943039aa13a7"
"id-19523c7d489b47809c3c577d77b68fef";"InfluenceRelationship";;;;"id-b654149e8b4b49efa79f073473dfc305";"id-908686ae670943c596a3943039aa13a7"
"id-2dc5b0fbd87748e08c87ea8a025a63cd";"AssociationRelationship";;;;"id-ae55f73b5e0f427e8ff2c4227ca776c8";"id-8377434cd99543ae9b905acf518b38f9"
"id-2e02f19244a34f6c84ae34e495b7a576";"InfluenceRelationship";;;;"id-778881bc719f43418689c8f1c138d05e";"id-b654149e8b4b49efa79f073473dfc305"
"id-80c42f8080a94597b2e495c19db6c931";"InfluenceRelationship";;;;"id-54cd19fbc67441de8c0e46a5d583fd86";"id-b654149e8b4b49efa79f073473dfc305"
"id-62e6dbd3876d4ecdb7c709b220580e67";"AssociationRelationship";;;;"id-fc72964ae4d44e449345fb781516fb13";"id-778881bc719f43418689c8f1c138d05e"
"id-8f8832d6db914c729656b7b63259ffdf";"InfluenceRelationship";;;;"id-017f0a4a56654f818d9462ab6355e9b4";"id-54cd19fbc67441de8c0e46a5d583fd86"
"id-81d5a4bb18844bb785f7f5476ee96888";"InfluenceRelationship";;;;"id-5da9126e20754db7b0cb514bf9c76c6a";"id-04ae8d4a65a942bc87193162bfbdf710"
"id-1e582d111d424eebaf92fda818c7323b";"RealizationRelationship";;;;"id-6af1b3e80d4d487aaf97a6e34c830481";"id-017f0a4a56654f818d9462ab6355e9b4"
"id-94fa7b8d2dad41a8a1b883a3e9a38aca";"InfluenceRelationship";;;;"id-6af1b3e80d4d487aaf97a6e34c830481";"id-5da9126e20754db7b0cb514bf9c76c6a"
"id-713612f0750f4c01931fb5d44215fe09";"RealizationRelationship";;;;"id-cc5c4a6120ff42559fb867179bd3e5bf";"id-778881bc719f43418689c8f1c138d05e"
"id-089d669e2ccb46dd8a2565b44d515231";"AssociationRelationship";;;;"id-b7b12713b0a3499188b3302a570392a0";"id-cc5c4a6120ff42559fb867179bd3e5bf"
"id-d97a41dce1bc481e83c4b63e31d29bad";"InfluenceRelationship";;;;"id-3f21a591224e4e57af8bf54bc2c4821b";"id-04ae8d4a65a942bc87193162bfbdf710"
"id-7820330914504022b65b1dd90673271d";"RealizationRelationship";;;;"id-3b2a9fbfa97c46a49d246f567042431c";"id-2a1f2097b7b64e9a8c7599ce8d868497"
"id-72149898469548bd87358f70ec1e210c";"RealizationRelationship";;;;"id-c7429e7256dd45779e04094470dac4b8";"id-3f21a591224e4e57af8bf54bc2c4821b"
"id-d1cd2ed093754238a509348f1cadbbf5";"InfluenceRelationship";;;;"id-3b2a9fbfa97c46a49d246f567042431c";"id-3f21a591224e4e57af8bf54bc2c4821b"
"id-fd7dd8d0529345afb6be54f728af4e75";"AggregationRelationship";;;;"id-c7429e7256dd45779e04094470dac4b8";"id-bbd0385f84594601823b9f1006bfd621"
"id-5a5c9f720b854f42ad444f306d06aec9";"AggregationRelationship";;;;"id-c7429e7256dd45779e04094470dac4b8";"id-8ef1fdc0777a4403a4801d86abb0ea80"
"id-c4b1a54a5898415aa1b1fc5e5de82144";"AssociationRelationship";;;;"id-97f6696d18a341ee913df7a97a9f4bd0";"id-5d4942e3f01a4daba7eb5b35c4953644"
"id-889768b5000e40b4abeff6fff2fa2bc6";"InfluenceRelationship";;"+";;"id-2644afb2957b421ba319d54fe8b9ec2b";"id-b654149e8b4b49efa79f073473dfc305"
"id-74b303f16fd641609034a0b328613635";"InfluenceRelationship";;"+";;"id-b4bdcbd643ab4e498c6bf77e28cd3734";"id-2644afb2957b421ba319d54fe8b9ec2b"
"id-181993ba3ed34f8087ea2976ac768297";"RealizationRelationship";;;;"id-0423312257334874890e922d9518907c";"id-b4bdcbd643ab4e498c6bf77e28cd3734"
"id-379cf44ffc4440d9ae82340bae208fd2";"RealizationRelationship";;;;"id-dd7c6a22e1a445fc9fc6ece93f9cfd91";"id-0423312257334874890e922d9518907c"
"id-98b0f5cb0e2e4809b2beb118ece35a63";"RealizationRelationship";;;;"id-dd7c6a22e1a445fc9fc6ece93f9cfd91";"id-6af1b3e80d4d487aaf97a6e34c830481"
"id-2c037af5b356415cb56cc6efaf5de914";"RealizationRelationship";;;;"id-cb973b71b23e4e72b02cb8c8b519c5f8";"id-0423312257334874890e922d9518907c"
"id-babf59e71ed743e8966b0dde36afc61a";"RealizationRelationship";;;;"id-6d877593be9843499ede290502331cfc";"id-6af1b3e80d4d487aaf97a6e34c830481"
"id-5094fe567e25462ba0f121236254b787";"RealizationRelationship";;;;"id-6d877593be9843499ede290502331cfc";"id-dd7c6a22e1a445fc9fc6ece93f9cfd91"
"id-55607a1c895c484f88c511015dc30cb8";"RealizationRelationship";;;;"id-cb973b71b23e4e72b02cb8c8b519c5f8";"id-dd7c6a22e1a445fc9fc6ece93f9cfd91"
"id-4afb11459b3340729fae39aefcdf661a";"RealizationRelationship";;;;"id-95f7f2986e6f492f8094ff1c24c08d12";"id-3b2a9fbfa97c46a49d246f567042431c"
"id-9615180b20c94bff993be4b7848088ea";"RealizationRelationship";;;;"id-80beadbbb86e4ed3b305bde159c98093";"id-8ef1fdc0777a4403a4801d86abb0ea80"
"id-16229dcbfa7441f497aa625a2de46679";"RealizationRelationship";;;;"id-80beadbbb86e4ed3b305bde159c98093";"id-bbd0385f84594601823b9f1006bfd621"
"id-edd43918db704835acc7ab9dc4445765";"RealizationRelationship";;;;"id-80beadbbb86e4ed3b305bde159c98093";"id-c7429e7256dd45779e04094470dac4b8"
"id-7f894aef3a464aab97f0604463130401";"FlowRelationship";;"customer data";;"id-95f7f2986e6f492f8094ff1c24c08d12";"id-80beadbbb86e4ed3b305bde159c98093"
"id-6656cbd95450496fa5652dac939a38ea";"FlowRelationship";;"customer interactions";;"id-61a34172b3704647ab6d395d01b71419";"id-95f7f2986e6f492f8094ff1c24c08d12"
"id-2ed3e893041c4c789a563f5f97c09594";"RealizationRelationship";;;;"id-5058855aa78747038516e17fd429d13e";"id-6af1b3e80d4d487aaf97a6e34c830481"
"id-7bda09d2020c4b4ab810b347f4380bef";"RealizationRelationship";;;;"id-61a34172b3704647ab6d395d01b71419";"id-6af1b3e80d4d487aaf97a6e34c830481"
"id-98e8205f34194da4939206ecffd444e9";"FlowRelationship";;"customer profiles";;"id-760b6b8a6745487888e895906be10372";"id-80beadbbb86e4ed3b305bde159c98093"
"id-31bfef322c234f81ae80f333d8b93f31";"FlowRelationship";;"customer behavior";;"id-fe752c302d9545638948c66a0ed11551";"id-760b6b8a6745487888e895906be10372"
"id-71f8d4f454d645d485d3305cd7e38a35";"RealizationRelationship";;;;"id-760b6b8a6745487888e895906be10372";"id-0423312257334874890e922d9518907c"
"id-a02ebbd3b00046fe9f2675f0e27428fe";"RealizationRelationship";;;;"id-fe752c302d9545638948c66a0ed11551";"id-0423312257334874890e922d9518907c"
"id-a779a35475c2494d8505765a739077d8";"RealizationRelationship";;;;"id-022bd5dbd524413e85a5d6fab51fdde5";"id-0423312257334874890e922d9518907c"
"id-34e9a082bedf46f4acdea2f8346edb04";"CompositionRelationship";;;;"id-e4f15956420f41948655059f8a7e60c0";"id-4633c63a12634308a7cadc00c4cdac98"
"id-29b8c682faba4e88b2116ac044afeee1";"CompositionRelationship";;;;"id-e4f15956420f41948655059f8a7e60c0";"id-a7e374b5faab4b49a7511ccc88086135"
"id-d4528f45e2d84898b74df46a17b71d15";"CompositionRelationship";;;;"id-e4f15956420f41948655059f8a7e60c0";"id-a97e5b0ff9c040acbb0b4fca21769105"
"id-3f3548de4a774b6f91e6ef37797dc3d2";"CompositionRelationship";;;;"id-ec01b489d3cc4745b18deaee37596c5b";"id-75daffff269c4f65909e8d228245107a"
"id-7bb9ad7c0c4a42d1945996cbc7c3e08d";"CompositionRelationship";;;;"id-ec01b489d3cc4745b18deaee37596c5b";"id-04c0ce5cab684488889f6ead81920128"
"id-9d618b1d551a46c8a5923f67af307008";"CompositionRelationship";;;;"id-ec01b489d3cc4745b18deaee37596c5b";"id-2ac6b5a7c90e45359811a693e40fca1d"
"id-ee1e7df4342247c8a172fb36d3475a6f";"CompositionRelationship";;;;"id-75daffff269c4f65909e8d228245107a";"id-e32cb747336a4d82b1c84f8a15b5af6a"
"id-5cba901961f740329c382dfdc94d1252";"CompositionRelationship";;;;"id-75daffff269c4f65909e8d228245107a";"id-7f9aaca9874541028183e3ec5fea4901"
"id-303ecf165ed841c79f7458290e6943a1";"CompositionRelationship";;;;"id-75daffff269c4f65909e8d228245107a";"id-4d9fb708d29148879cfc75173bc14d28"
"id-ae43db88ab0240e2b1b10608761a43e2";"AggregationRelationship";;;;"id-4633c63a12634308a7cadc00c4cdac98";"id-2ac6b5a7c90e45359811a693e40fca1d"
"id-0928204c174349d299ff057ef50f48c5";"AggregationRelationship";;;;"id-4633c63a12634308a7cadc00c4cdac98";"id-4d9fb708d29148879cfc75173bc14d28"
"id-78aa581a5801455dab1937b110d91812";"AggregationRelationship";;;;"id-a7e374b5faab4b49a7511ccc88086135";"id-e32cb747336a4d82b1c84f8a15b5af6a"
"id-90c7bb0eab6741d6bd19b42b9a6064b8";"AggregationRelationship";;;;"id-a97e5b0ff9c040acbb0b4fca21769105";"id-7f9aaca9874541028183e3ec5fea4901"
"id-f1fb981ce03a4c0688621354de09594e";"AggregationRelationship";;;;"id-a97e5b0ff9c040acbb0b4fca21769105";"id-04c0ce5cab684488889f6ead81920128"
"id-4c655dd2b4a84fe3ae1ebfdb4b0ae51b";"AssociationRelationship";;;;"id-cc5c4a6120ff42559fb867179bd3e5bf";"id-145b2526247f4f02bfef814812dc92d9"
"id-6bc1ac43550249779fc081542ff44ce5";"FlowRelationship";;;;"id-3730220bfa7f48cd95b46f8f11d3674a";"id-d6464586d8ed4c05b7b90c501fe33019"
"id-4970803fd3934915aa867454f0eec416";"InfluenceRelationship";;;;"id-7206f0857fb74ccaa3d391028e06d14e";"id-cc5c4a6120ff42559fb867179bd3e5bf"
"id-ac26323b169a44d0beaf151dec36762b";"FlowRelationship";;;;"id-d6464586d8ed4c05b7b90c501fe33019";"id-e41450db175f4ee384327c48e1ccf643"
"id-d28fde9e79d942b98fb280562ea03cc4";"FlowRelationship";;;;"id-e41450db175f4ee384327c48e1ccf643";"id-1933be5b089848c7b0eb888578078d81"
"id-cfce6ec3e95f45e294168233ccbacd11";"InfluenceRelationship";;;;"id-1933be5b089848c7b0eb888578078d81";"id-cc5c4a6120ff42559fb867179bd3e5bf"
"id-d8da081f773b4629a3d321a0cde91f1a";"CompositionRelationship";;;;"id-7206f0857fb74ccaa3d391028e06d14e";"id-3730220bfa7f48cd95b46f8f11d3674a"
"id-c5641c743ade416ea54cb9db96ca891d";"CompositionRelationship";;;;"id-7206f0857fb74ccaa3d391028e06d14e";"id-e41450db175f4ee384327c48e1ccf643"
"id-82a8c49533b644f6b3779d99aa428742";"CompositionRelationship";;;;"id-7206f0857fb74ccaa3d391028e06d14e";"id-1933be5b089848c7b0eb888578078d81"
"id-e0456b25e08e448482e35a6c620211c0";"CompositionRelationship";;;;"id-7206f0857fb74ccaa3d391028e06d14e";"id-d6464586d8ed4c05b7b90c501fe33019"
"id-01a813ab18b548b3b42f563c131d160d";"AssociationRelationship";;;;"id-6bc1ac43550249779fc081542ff44ce5";"id-752ae84411514fba9a2d77f4871b00c7"
"id-b641eb8336da488f938e58e0c12c2814";"AssociationRelationship";;;;"id-ac26323b169a44d0beaf151dec36762b";"id-ba263450ed8449a896f661f281994c4e"
"id-7a91fefed71a47af9f0f8e9c8f90485d";"AssociationRelationship";;;;"id-d28fde9e79d942b98fb280562ea03cc4";"id-c067b3ba860741208a80adc8ef96c136"
"id-aaa506c5de194624beeefd575ad97d17";"AssociationRelationship";;;;"id-cfce6ec3e95f45e294168233ccbacd11";"id-3ef13a2f11834398aa9a89d28b013d4f"
"id-259ab3d9fa854fb6ba934c89fe841e9e";"AssociationRelationship";;;;"id-4970803fd3934915aa867454f0eec416";"id-3ef13a2f11834398aa9a89d28b013d4f"
"id-6ee8b804162849198ac78c29f5a35451";"CompositionRelationship";;;;"id-b1f02a9e7d884a0988f9cc7d46d5978e";"id-22910f0d6e574ba5ba3d095ce0a137df"
"id-8efcdf9fa3bb40ba821b92d660884fb2";"CompositionRelationship";;;;"id-b1f02a9e7d884a0988f9cc7d46d5978e";"id-17184717a84b4bc9bad3d1429d1f8329"
"id-342408e217e74160b98e7de70cd4c332";"CompositionRelationship";;;;"id-b1f02a9e7d884a0988f9cc7d46d5978e";"id-e1969811f34446ec925aa0bd89b535f3"
"id-0ad9e1d970a04976a336380b12587cc7";"CompositionRelationship";;;;"id-b1f02a9e7d884a0988f9cc7d46d5978e";"id-2b61b6275fc3428a85bb7ce460c3393c"
"id-bbd83b27fa53491b8636358ce90c727f";"CompositionRelationship";;;;"id-b1f02a9e7d884a0988f9cc7d46d5978e";"id-d10296ca9de44918965417dbc775136c"
"id-a167b15eacf048cea842f05fedf2dbbf";"CompositionRelationship";;;;"id-c4be40fce29c4895aac6b4f3136e3fac";"id-46405da66dda43a08c72083553607c1e"
"id-ddeae29b7564404ba8d3887d5e6cbb2f";"CompositionRelationship";;;;"id-c4be40fce29c4895aac6b4f3136e3fac";"id-9f8442949217427ea52716053f8f2621"
"id-7f300667b30e44da9d9ab924174f9714";"CompositionRelationship";;;;"id-9c8d3a0313e94cdd802cad86cc8d1463";"id-5dfb3d5b73c048f4afd78d72ea335ffa"
"id-f8ce1c8d1639450fa05c6e3948d7fbd4";"CompositionRelationship";;;;"id-9c8d3a0313e94cdd802cad86cc8d1463";"id-a2e4c4f03bfc4a599ebab8e6c184fbd4"
"id-deacc5228907414f9112f2acba708136";"CompositionRelationship";;;;"id-ab2df539597f4ae08defc2f6f5cd7ed1";"id-a575ec6085b64d089510bd1560a3ef81"
"id-370463bd229e40ffae6ab48f25d39278";"CompositionRelationship";;;;"id-ab2df539597f4ae08defc2f6f5cd7ed1";"id-c783ea5d68964071843fd317ea6c92fb"
"id-ce3237f8b1cc4ff69fa6e72296905ce8";"CompositionRelationship";;;;"id-81f31b93e64f4d6faf6ded97a4d21fc2";"id-fd4ed2a113c843439432949ff952ce9d"
"id-3e5fd4bb75fb405da7299faaad84a539";"CompositionRelationship";;;;"id-81f31b93e64f4d6faf6ded97a4d21fc2";"id-131efb4a63b64dfba856359a3107372e"
"id-4000c4721409462ea1fc1c66115c2732";"CompositionRelationship";;;;"id-81f31b93e64f4d6faf6ded97a4d21fc2";"id-141e7b135f024097ad60d13d5d8da140"
"id-3f34f768129c4716a34e7b563aa2f16f";"CompositionRelationship";;;;"id-81f31b93e64f4d6faf6ded97a4d21fc2";"id-ad3435751dd14a1a9235f79d63993e3e"
"id-89a2f20c57f34ac993122e1da41bdc86";"CompositionRelationship";;;;"id-811d6f9bc48a46cab19eff2d6dd50827";"id-e1f3aab1bf464f9c9091a8fe30a03204"
"id-cc5c00fa6f9a4bba963d300511b37dbb";"CompositionRelationship";;;;"id-811d6f9bc48a46cab19eff2d6dd50827";"id-4538a4228d6347418fdd982b17e567ac"
"id-ed8e2f977a524dbcaaa79b6f68ad8d99";"CompositionRelationship";;;;"id-811d6f9bc48a46cab19eff2d6dd50827";"id-03a6f7131e23455b9ddcb84db9df8268"
"id-266481958696462dbe751960569df107";"CompositionRelationship";;;;"id-811d6f9bc48a46cab19eff2d6dd50827";"id-4777e62af95f42b0bbf266e725b64059"
"id-ea987db36ada41a198ebab43be0479f2";"CompositionRelationship";;;;"id-cf5fd4ecb67f42ec82e197848e2f4847";"id-388eebfc1e704e22bacef499a260af6e"
"id-bf4a55f0f06a43d0a0affac8d443d7da";"CompositionRelationship";;;;"id-cf5fd4ecb67f42ec82e197848e2f4847";"id-99c939d1a7054aafabfb61d8a6f0a3c3"
"id-eeb9a6636b364c2d999f8532a085929b";"CompositionRelationship";;;;"id-cf5fd4ecb67f42ec82e197848e2f4847";"id-506a80b9390344f7b0c8b4d13c9ada55"
"id-a88b42a5c4064caa9e3b66c342114926";"CompositionRelationship";;;;"id-cf5fd4ecb67f42ec82e197848e2f4847";"id-b363a11b315b406c9283529b34339807"
"id-f258b5405a0b4e9eaa24737576894337";"CompositionRelationship";;;;"id-d03cfe3302cf44d8a8dfdcb2e3182450";"id-08bd78de2a0144b99d046cfa192ec632"
"id-00c91698269941628d070c95b0dd737a";"CompositionRelationship";;;;"id-d03cfe3302cf44d8a8dfdcb2e3182450";"id-b55f7efcc5af4110bb975e3e78ad5f5f"
"id-6d6a0f05a5104dee87339db8dab57f7c";"CompositionRelationship";;;;"id-d03cfe3302cf44d8a8dfdcb2e3182450";"id-a5be595de0f143f1ae7642365a5fc70c"
"id-631a940d81884b4b9c74ad98f9a42158";"CompositionRelationship";;;;"id-d03cfe3302cf44d8a8dfdcb2e3182450";"id-202d3b594e754eafbb87e74a5c3b839a"
"id-f8e0048cb5cd41fdb6e4cd3245b324f0";"CompositionRelationship";;;;"id-012e2476e1dc4199bce9332e0f8ca46c";"id-dc9a7f4f93b7437bab13bb70df01877a"
"id-1b0bef12109f4a24a5c3f9dde8a256c5";"CompositionRelationship";;;;"id-012e2476e1dc4199bce9332e0f8ca46c";"id-f267eb7771c8485caad0f9e7b5e22fac"
"id-eacfb2293c25423c8fca259212bcb2ef";"CompositionRelationship";;;;"id-012e2476e1dc4199bce9332e0f8ca46c";"id-e23d948331af4daeb6c467cc8cd573cb"
"id-c1136802bfbb445c8a8070e1063578f0";"CompositionRelationship";;;;"id-012e2476e1dc4199bce9332e0f8ca46c";"id-e9611c763ab746ee9008f46817e308ee"
"id-12bf022f10464df58421228173f520f8";"CompositionRelationship";;;;"id-012e2476e1dc4199bce9332e0f8ca46c";"id-699e237cdb794bd2b7cc2e544b3d2273"
"id-c1067d7066004e61be2908bf1f7628e9";"CompositionRelationship";;;;"id-012e2476e1dc4199bce9332e0f8ca46c";"id-574e962ef3ae45a9a9e728bf9d299034"
"id-1990bff68f724fa995285a5fd376dd0f";"CompositionRelationship";;;;"id-81f31b93e64f4d6faf6ded97a4d21fc2";"id-6d877593be9843499ede290502331cfc"
"id-c3db62aa63d948c4be68509b29e271e4";"CompositionRelationship";;;;"id-d03cfe3302cf44d8a8dfdcb2e3182450";"id-cb973b71b23e4e72b02cb8c8b519c5f8"
"id-a9d22ca8a03b4a5ab05877ebadca31c3";"ServingRelationship";;;;"id-c4be40fce29c4895aac6b4f3136e3fac";"id-3730220bfa7f48cd95b46f8f11d3674a"
"id-2c746782e43443ce86f32b47c2a470cd";"ServingRelationship";;;;"id-9c8d3a0313e94cdd802cad86cc8d1463";"id-d6464586d8ed4c05b7b90c501fe33019"
"id-55882930591c4aeabcbbec4afc3afa3b";"ServingRelationship";;;;"id-ab2df539597f4ae08defc2f6f5cd7ed1";"id-d6464586d8ed4c05b7b90c501fe33019"
"id-52c12b85469b4cac89bce3e049ee81d1";"ServingRelationship";;;;"id-d03cfe3302cf44d8a8dfdcb2e3182450";"id-e41450db175f4ee384327c48e1ccf643"
"id-1c622ab06c1f471b93052e75b0427f23";"ServingRelationship";;;;"id-81f31b93e64f4d6faf6ded97a4d21fc2";"id-1933be5b089848c7b0eb888578078d81"
"id-da2dad43f60f4552940734b25641de10";"AssignmentRelationship";;;;"id-970ab09789e246f9822180ece1416a63";"id-fefab312c8fc4e0f8dee08b637fe81ce"
"id-f0588f9d24174949be4c2ac0ebd32cde";"AssignmentRelationship";;;;"id-970ab09789e246f9822180ece1416a63";"id-85c0ee259e934e56962ee3176ebf3fbe"
"id-239c5b40c29a4da8842883f17fd8ba11";"AssignmentRelationship";;;;"id-970ab09789e246f9822180ece1416a63";"id-1f23c44d91a64ed6a9636bc1279bf7d3"
"id-7fc3a36e310a4307b530723ff1814324";"AssignmentRelationship";;;;"id-2ac6b5a7c90e45359811a693e40fca1d";"id-4c559118def242459d0f5931590565b1"
"id-f6108b3995104c00a76ee483df91191c";"AssignmentRelationship";;;;"id-2ac6b5a7c90e45359811a693e40fca1d";"id-3e527061b83a4349a75e3cebd1da65b8"
"id-22f2e375d3db46cb8a912423872001fe";"AssignmentRelationship";;;;"id-2ac6b5a7c90e45359811a693e40fca1d";"id-06c0bce636004e398ac7fa688a5cf35a"
"id-422eb9976c20496aa4adc69c053ba4da";"AssignmentRelationship";;;;"id-75daffff269c4f65909e8d228245107a";"id-931aa56cd9714ed197a1e9cbfe4345e6"
"id-de8833c3c5f942afa7f9692e64635a6f";"AssignmentRelationship";;;;"id-75daffff269c4f65909e8d228245107a";"id-d54347c0d1ed43cda2624e1041debf9f"
"id-da8e32d7495c4f42b8d397fa25810404";"AssignmentRelationship";;;;"id-75daffff269c4f65909e8d228245107a";"id-d76e116716674d5eab95ad5d556ec820"
"id-a5a69b2c3d84437b9e83c000a5ad1d47";"AssignmentRelationship";;;;"id-75daffff269c4f65909e8d228245107a";"id-4ad90e80bdf248bdbb40e9747ad8725d"
"id-302a092ffa6048f2bb3feba589798ae7";"AssignmentRelationship";;;;"id-75daffff269c4f65909e8d228245107a";"id-e9e45a5ee71e415db83b16b240b99fe6"
"id-cf5b1d06b28d404d8d3f776b873ce55f";"AssignmentRelationship";;;;"id-04c0ce5cab684488889f6ead81920128";"id-05064aa90f4b4d86ae20ab2cb7f18175"
"id-72a1b0b43e5a4a8997767de87bd4bb7c";"AssignmentRelationship";;;;"id-1b3feaf0c2d840a4a97bf5ae7b563106";"id-7c136ac7cc0f4d2bbd9b1eb870df4837"
"id-b44cf4a02c174f6790143a2b692e0c8e";"FlowRelationship";;"claims";;"id-fefab312c8fc4e0f8dee08b637fe81ce";"id-06c0bce636004e398ac7fa688a5cf35a"
"id-e2b707e2cb2a4497984ec81626bde6e3";"FlowRelationship";;"policies";;"id-4c559118def242459d0f5931590565b1";"id-85c0ee259e934e56962ee3176ebf3fbe"
"id-92007180695e46e7ac5f948894ef0fcb";"FlowRelationship";;"requests";;"id-85c0ee259e934e56962ee3176ebf3fbe";"id-4c559118def242459d0f5931590565b1"
"id-339465c230484013bf68b078b2202f99";"FlowRelationship";;"customer info";;"id-1f23c44d91a64ed6a9636bc1279bf7d3";"id-06c0bce636004e398ac7fa688a5cf35a"
"id-d241d1ec8be7462c84d79a60fe65ebb6";"FlowRelationship";;"product info";;"id-3e527061b83a4349a75e3cebd1da65b8";"id-1f23c44d91a64ed6a9636bc1279bf7d3"
"id-899694ccf5d34eeea891f33a0972181c";"FlowRelationship";;"premium info";;"id-e9e45a5ee71e415db83b16b240b99fe6";"id-3e527061b83a4349a75e3cebd1da65b8"
"id-a152d9d3ad654dd7967aa94babb6c884";"FlowRelationship";;"new contracts, premiums due";;"id-4c559118def242459d0f5931590565b1";"id-4ad90e80bdf248bdbb40e9747ad8725d"
"id-a012f94504934e4bb882026f09159067";"FlowRelationship";;"product info";;"id-3e527061b83a4349a75e3cebd1da65b8";"id-4c559118def242459d0f5931590565b1"
"id-bd61e647b0f94415b24668e9558aa1b2";"FlowRelationship";;"customer info";;"id-06c0bce636004e398ac7fa688a5cf35a";"id-4c559118def242459d0f5931590565b1"
"id-36cdc92655af467e859887924174867f";"FlowRelationship";;"claims";;"id-06c0bce636004e398ac7fa688a5cf35a";"id-d76e116716674d5eab95ad5d556ec820"
"id-146948d1e5474100bf494def029a2d98";"FlowRelationship";;"premium payment status";;"id-4ad90e80bdf248bdbb40e9747ad8725d";"id-d76e116716674d5eab95ad5d556ec820"
"id-4f7682e94e664419b65bf78d0659ac7c";"FlowRelationship";;"claim payments due";;"id-d76e116716674d5eab95ad5d556ec820";"id-4ad90e80bdf248bdbb40e9747ad8725d"
"id-70cdfe43633a4367bcb570e30a26d776";"FlowRelationship";;"policies";;"id-931aa56cd9714ed197a1e9cbfe4345e6";"id-d76e116716674d5eab95ad5d556ec820"
"id-dcec1690c8134d0ba0c03e4fe9028a75";"FlowRelationship";;"financial obligations";;"id-931aa56cd9714ed197a1e9cbfe4345e6";"id-4ad90e80bdf248bdbb40e9747ad8725d"
"id-bc70c9bc5ef44110ad8f8d23085cb6a5";"FlowRelationship";;"financial risk";;"id-e9e45a5ee71e415db83b16b240b99fe6";"id-4ad90e80bdf248bdbb40e9747ad8725d"
"id-8c7e66ba5510448db6df1a4b62acd48b";"FlowRelationship";;"premium info";;"id-e9e45a5ee71e415db83b16b240b99fe6";"id-931aa56cd9714ed197a1e9cbfe4345e6"
"id-6f5ee09b0d254d4b90948e676dfb9135";"FlowRelationship";;"money";;"id-4ad90e80bdf248bdbb40e9747ad8725d";"id-d54347c0d1ed43cda2624e1041debf9f"
"id-d127ad928a8f445ca9cfbfcdb433f993";"FlowRelationship";;"money";;"id-d54347c0d1ed43cda2624e1041debf9f";"id-4ad90e80bdf248bdbb40e9747ad8725d"
"id-c01f5433d814421a852f97561f6bcf19";"FlowRelationship";;"money";;"id-d54347c0d1ed43cda2624e1041debf9f";"id-7c136ac7cc0f4d2bbd9b1eb870df4837"
"id-b5c8e72aea3d48e79824b69bf62f5e23";"FlowRelationship";;"money";;"id-7c136ac7cc0f4d2bbd9b1eb870df4837";"id-d54347c0d1ed43cda2624e1041debf9f"
"id-4cc2d0ddb5154673a06c5e25ab6fba04";"FlowRelationship";;"documents";;"id-e9e45a5ee71e415db83b16b240b99fe6";"id-05064aa90f4b4d86ae20ab2cb7f18175"
"id-4c961b4f8b744be0aafacfbfc33243aa";"FlowRelationship";;"documents";;"id-05064aa90f4b4d86ae20ab2cb7f18175";"id-e9e45a5ee71e415db83b16b240b99fe6"
"id-9f6cb2d3f0e640379e7873dc6f455b8e";"RealizationRelationship";;;;"id-d54347c0d1ed43cda2624e1041debf9f";"id-811d6f9bc48a46cab19eff2d6dd50827"
"id-314be63f601d4f908da8d8540b35068e";"RealizationRelationship";;;;"id-4ad90e80bdf248bdbb40e9747ad8725d";"id-811d6f9bc48a46cab19eff2d6dd50827"
"id-bc82211e5d254e239fbafdd319103d80";"RealizationRelationship";;;;"id-4ad90e80bdf248bdbb40e9747ad8725d";"id-b363a11b315b406c9283529b34339807"
"id-5ba3f7dace8346a194db40485912a9fd";"RealizationRelationship";;;;"id-e9e45a5ee71e415db83b16b240b99fe6";"id-c4be40fce29c4895aac6b4f3136e3fac"
"id-81ca721bf2e1475694d1ce9c481c7d92";"RealizationRelationship";;;;"id-931aa56cd9714ed197a1e9cbfe4345e6";"id-d03cfe3302cf44d8a8dfdcb2e3182450"
"id-11c0cffd0fc641c08d1b575d0de71b54";"RealizationRelationship";;;;"id-fb5a7062d5284a39a2c528e57efd8b4a";"id-d03cfe3302cf44d8a8dfdcb2e3182450"
"id-f986f584e3d5476c86153727b3f4a976";"RealizationRelationship";;;;"id-e9e45a5ee71e415db83b16b240b99fe6";"id-d03cfe3302cf44d8a8dfdcb2e3182450"
"id-0aebe3373ede493996e3de6578622db3";"RealizationRelationship";;;;"id-06c0bce636004e398ac7fa688a5cf35a";"id-81f31b93e64f4d6faf6ded97a4d21fc2"
"id-60a21a35da5d41879745ace7eb9e3aa6";"CompositionRelationship";;;;"id-bd37b472c68a4b909f690a0da08ffe6a";"id-07293b26ff584157a9675579b51872ae"
"id-c22feacba2e64155b2ae24b6083ed319";"CompositionRelationship";;;;"id-bd37b472c68a4b909f690a0da08ffe6a";"id-02905dd4159f463b9156ad17904c6d1b"
"id-73c204fad37b477b917719f6af31e51e";"CompositionRelationship";;;;"id-bd37b472c68a4b909f690a0da08ffe6a";"id-7aeb79a8a4f1436994fab266369cfed0"
"id-9aef699a734a4aac8bbb5fb811131e0e";"CompositionRelationship";;;;"id-bd37b472c68a4b909f690a0da08ffe6a";"id-6e6386f7efae42a0a0763893ae33af01"
"id-165c7cf3c42e4327a8449ae6a733cd1e";"CompositionRelationship";;;;"id-bd37b472c68a4b909f690a0da08ffe6a";"id-14609439334e4b7b89814c9cdce8021d"
"id-c3f7a60fc91a4d46b7903b1975ec5776";"TriggeringRelationship";;;;"id-9c5fae1e7cac45868051b8e5ccd6ddc8";"id-3e76ab9cf4ef45d594d7bf65a398ecac"
"id-938ced17caff4fa9bb8e6169725aba5c";"TriggeringRelationship";;;;"id-3e76ab9cf4ef45d594d7bf65a398ecac";"id-1808f45b52c2441a97eeb21bab408ede"
"id-89816a3bd29245cfa0dd24795b5273e7";"TriggeringRelationship";;;;"id-1808f45b52c2441a97eeb21bab408ede";"id-53f643f6e48e46d59c120249114551c3"
"id-43296d3375434c00a498a78b28e90c7b";"TriggeringRelationship";;;;"id-0a14be1097cb426491a002094cdd57ab";"id-7aeb79a8a4f1436994fab266369cfed0"
"id-3768f64f9fc945e09cc3cb27b0b1e428";"TriggeringRelationship";;;;"id-7aeb79a8a4f1436994fab266369cfed0";"id-07293b26ff584157a9675579b51872ae"
"id-97e2ad7bf8084f8badbacd60b9a422c2";"TriggeringRelationship";;;;"id-07293b26ff584157a9675579b51872ae";"id-6e6386f7efae42a0a0763893ae33af01"
"id-630933d328204fddad8fdd77bbe7c336";"TriggeringRelationship";;;;"id-6e6386f7efae42a0a0763893ae33af01";"id-14609439334e4b7b89814c9cdce8021d"
"id-9c17cad4a089451e8578fe088e158fab";"TriggeringRelationship";;;;"id-14609439334e4b7b89814c9cdce8021d";"id-f366875027cc4381b5571dc22ed7bb89"
"id-cf75ef24749f474fa907af6f4e7db033";"TriggeringRelationship";;;;"id-f366875027cc4381b5571dc22ed7bb89";"id-3f0bc69461344c05b82040747fdd888d"
"id-de70a4d929724034ac327208dde21be6";"TriggeringRelationship";;;;"id-f366875027cc4381b5571dc22ed7bb89";"id-02905dd4159f463b9156ad17904c6d1b"
"id-a1bb7ecd6bcf4d53a9141135ee01fc4b";"RealizationRelationship";;;;"id-044b7f6ddccd473bb2c1791bef36b948";"id-e41450db175f4ee384327c48e1ccf643"
"id-5fab734a9c80429aa1d4f88e223b32da";"RealizationRelationship";;;;"id-6b76404bcb9a465495f5c261f5589835";"id-044b7f6ddccd473bb2c1791bef36b948"
"id-9265b970b4954c2191259ac672dbe842";"RealizationRelationship";;;;"id-2f6926aeb69a4e7da560de0c66eb0a94";"id-044b7f6ddccd473bb2c1791bef36b948"
"id-475c141c07274790b7cc8ff90b9b450f";"RealizationRelationship";;;;"id-bd37b472c68a4b909f690a0da08ffe6a";"id-044b7f6ddccd473bb2c1791bef36b948"
"id-f4a4f9d909f84d68b7142f2ecd10ffa6";"RealizationRelationship";;;;"id-a4ff2e5f63634111aeac4a550c41f7bb";"id-3b2a9fbfa97c46a49d246f567042431c"
"id-aff67034a416464a87e2da0e8f623294";"RealizationRelationship";;;;"id-3a0f278c72bf4e83b7ed42b7674f06cc";"id-bbd0385f84594601823b9f1006bfd621"
"id-104f48fcbfae4111af381e2dc2dc8724";"RealizationRelationship";;;;"id-4d4161ddd4014aef98282c2d90b5741c";"id-8ef1fdc0777a4403a4801d86abb0ea80"
"id-dee9a8b791b64e5991b229075a89d9d6";"ServingRelationship";;;;"id-4d4161ddd4014aef98282c2d90b5741c";"id-bd37b472c68a4b909f690a0da08ffe6a"
"id-fe4e5d0b6afb4365b73696241fbd0f00";"ServingRelationship";;;;"id-3a0f278c72bf4e83b7ed42b7674f06cc";"id-bd37b472c68a4b909f690a0da08ffe6a"
"id-67092c51191b4537b10edaa8ce05c533";"ServingRelationship";;;;"id-a4ff2e5f63634111aeac4a550c41f7bb";"id-bd37b472c68a4b909f690a0da08ffe6a"
"id-efdd5f80598a4c23ad81fe1021b7a8da";"RealizationRelationship";;;;"id-b21499b418c443d8b18d033907ce1266";"id-a4ff2e5f63634111aeac4a550c41f7bb"
"id-647aed5f13944f469325b7211f1c619d";"RealizationRelationship";;;;"id-6610a957cdb44757b0b3f59ba7885bb3";"id-3a0f278c72bf4e83b7ed42b7674f06cc"
"id-ed44619696ad4fa6b7cbb1712db72d03";"RealizationRelationship";;;;"id-6610a957cdb44757b0b3f59ba7885bb3";"id-4d4161ddd4014aef98282c2d90b5741c"
"id-2fe45197156e43daaab194c9c01f8fd5";"ServingRelationship";;;;"id-a4ff2e5f63634111aeac4a550c41f7bb";"id-6610a957cdb44757b0b3f59ba7885bb3"
"id-4fbbf33290764d49b3777e1205b4de7c";"RealizationRelationship";;;;"id-ed85d463a38e43a5997bfcbf7d836dd5";"id-6610a957cdb44757b0b3f59ba7885bb3"
"id-9969d086236f48a8a1cc0bdc86f13973";"RealizationRelationship";;;;"id-4437efa6c6184f4e87f79a30d653e3b0";"id-b21499b418c443d8b18d033907ce1266"
"id-a64d1a0b78ef4d40911f3c64de406676";"AssignmentRelationship";;;;"id-c4cfc11a161c46b5bc7cc50cbbff9f88";"id-ed85d463a38e43a5997bfcbf7d836dd5"
"id-b9555184fb984543a082e5f4d9c21a1e";"AssignmentRelationship";;;;"id-8ec059a348f3437b83c8e0c41054b246";"id-ed85d463a38e43a5997bfcbf7d836dd5"
"id-f8068806f6fa40a29f6a11082b089c23";"AssignmentRelationship";;;;"id-4119b884e63a4636b38039e9acbeeecb";"id-4437efa6c6184f4e87f79a30d653e3b0"
"id-c6df4675aca24df4869a606be1bd4a10";"CompositionRelationship";;;;"id-6d877593be9843499ede290502331cfc";"id-7d705b2c3e5f40e6aae26f410c3de569"
"id-8ad2f05be10c4eb28de4aebb6ed842e0";"CompositionRelationship";;;;"id-cb973b71b23e4e72b02cb8c8b519c5f8";"id-3f2c4c1adcbe4946a532830286481394"
"id-37cfc2754f634d6ab66239fc4a3b773d";"CompositionRelationship";;;;"id-cb973b71b23e4e72b02cb8c8b519c5f8";"id-418097bce12b458a82f5e2ca70ac794b"
"id-ba73a6e18330478a9dd9be3f2e201291";"AssignmentRelationship";;;;"id-95f7f2986e6f492f8094ff1c24c08d12";"id-81f31b93e64f4d6faf6ded97a4d21fc2"
"id-4b2c7a012f2b46f8b823dd66c03e7855";"AssignmentRelationship";;;;"id-80beadbbb86e4ed3b305bde159c98093";"id-d03cfe3302cf44d8a8dfdcb2e3182450"
"id-4b6481bc4a344c07ad6d64a83238205e";"AssignmentRelationship";;;;"id-fe752c302d9545638948c66a0ed11551";"id-418097bce12b458a82f5e2ca70ac794b"
"id-e272bd85032642a4a5d13e7c2b125244";"AssignmentRelationship";;;;"id-760b6b8a6745487888e895906be10372";"id-3f2c4c1adcbe4946a532830286481394"
"id-cf47de6c684c4b1881f6a78346e45653";"AssignmentRelationship";;;;"id-022bd5dbd524413e85a5d6fab51fdde5";"id-3f2c4c1adcbe4946a532830286481394"
"id-dfb7fdf8abdc4fc884795eef17ec5bb2";"AssignmentRelationship";;;;"id-61a34172b3704647ab6d395d01b71419";"id-7d705b2c3e5f40e6aae26f410c3de569"
"id-aee634d2474a430c9155852a0ee6b77b";"AssignmentRelationship";;;;"id-5058855aa78747038516e17fd429d13e";"id-7d705b2c3e5f40e6aae26f410c3de569"
"id-1d24f92ea46a462e9e8c99a5ce28d851";"RealizationRelationship";;;;"id-b21499b418c443d8b18d033907ce1266";"id-95f7f2986e6f492f8094ff1c24c08d12"
"id-a64dd864f1344c22aa62bcc5739060eb";"RealizationRelationship";;;;"id-7fad0960724144d1bf9346e77665e0ab";"id-022bd5dbd524413e85a5d6fab51fdde5"
"id-6628bc6dc4324c409579bee363284a43";"RealizationRelationship";;;;"id-45523f61ed3643579078b65640932d1a";"id-61a34172b3704647ab6d395d01b71419"
"id-b0aaf3ea78894f93b6745c60590b5069";"RealizationRelationship";;;;"id-cfd2f76b350f4e6b9f5dc65cbb3b1e02";"id-5058855aa78747038516e17fd429d13e"
"id-5926d6f719c443a199ff55a0057efdea";"RealizationRelationship";;;;"id-f3bac7dc9a2a4bd0a6ff856c57cde494";"id-760b6b8a6745487888e895906be10372"
"id-ee353a36172a44789c4c3509af90e6df";"RealizationRelationship";;;;"id-5e92a414f719453fb12768a03cdab259";"id-fe752c302d9545638948c66a0ed11551"
"id-82b207472d4049289e5df86c4b73f135";"RealizationRelationship";;;;"id-6610a957cdb44757b0b3f59ba7885bb3";"id-80beadbbb86e4ed3b305bde159c98093"
"id-339e3c080c40493c9df964286eb686e8";"CompositionRelationship";;;;"id-38fbc1ae8d194e9c9b540fc37a550b4e";"id-b21499b418c443d8b18d033907ce1266"
"id-667918427d3243cb82cfdc0c71efb1ab";"CompositionRelationship";;;;"id-38fbc1ae8d194e9c9b540fc37a550b4e";"id-867102366ca34f68af18f77a4314116c"
"id-3a54aaad007c47a9918d87761145ab03";"CompositionRelationship";;;;"id-38fbc1ae8d194e9c9b540fc37a550b4e";"id-de38273919394e238e6df505d2521689"
"id-9a8c2954a972410281fdb02d208c0368";"CompositionRelationship";;;;"id-38fbc1ae8d194e9c9b540fc37a550b4e";"id-0fa51663d3bd4a41bcb55c0f7fde4e9b"
"id-6cd039e84ba04561b1283bdbd5c0600f";"CompositionRelationship";;;;"id-a79f8dfb0a3d4aa9aea196cad81b262c";"id-bba5ad8d7e99407787c00d9c8b8e0f7f"
"id-4182be0632f3499ca9a3575a5ab5a9fe";"CompositionRelationship";;;;"id-a79f8dfb0a3d4aa9aea196cad81b262c";"id-2f59e59f3b79494bbd471468e670bd79"
"id-87aeb00682f241349615608609da3f46";"CompositionRelationship";;;;"id-a79f8dfb0a3d4aa9aea196cad81b262c";"id-1bff260584824937b3af61bc7192acbc"
"id-9a3c87be145f46f4b082e77a3e89d7eb";"CompositionRelationship";;;;"id-a79f8dfb0a3d4aa9aea196cad81b262c";"id-c94a44ffe0f3470b919507325e2d44df"
"id-928237d070734d6891be8f1506bae989";"CompositionRelationship";;;;"id-76602ed754ba47d69987d2483fe99f71";"id-63500a4b6e0b4ff186e37322c0c90c8b"
"id-150491a4157d47eb9cf0f672bb93e387";"FlowRelationship";;"call report";;"id-de38273919394e238e6df505d2521689";"id-0fa51663d3bd4a41bcb55c0f7fde4e9b"
"id-73ca94c07dfd49139dc00ae4d7754c85";"FlowRelationship";;"CRM data";;"id-867102366ca34f68af18f77a4314116c";"id-0fa51663d3bd4a41bcb55c0f7fde4e9b"
"id-ef9533b413914701a4da76ed68e2e978";"FlowRelationship";;"CRM data";;"id-b21499b418c443d8b18d033907ce1266";"id-0fa51663d3bd4a41bcb55c0f7fde4e9b"
"id-b551c819870845de9fa8ea3219e62397";"FlowRelationship";;;;"id-867102366ca34f68af18f77a4314116c";"id-de38273919394e238e6df505d2521689"
"id-5d61704f63c24ed4b1a593f7ebaa3b5d";"FlowRelationship";;;;"id-b21499b418c443d8b18d033907ce1266";"id-de38273919394e238e6df505d2521689"
"id-65913aaee6c747289c7d478befdaaa17";"FlowRelationship";;"call report";;"id-de38273919394e238e6df505d2521689";"id-b21499b418c443d8b18d033907ce1266"
"id-05a438f77873453785ce5f98fe0b48d8";"FlowRelationship";;"call report";;"id-de38273919394e238e6df505d2521689";"id-867102366ca34f68af18f77a4314116c"
"id-a1bd1446dd3d46b793cefd7295c5c73b";"FlowRelationship";;"customer data";;"id-2f59e59f3b79494bbd471468e670bd79";"id-867102366ca34f68af18f77a4314116c"
"id-1b9fa1022f2a4c74977de939554b2c07";"FlowRelationship";;"customer data";;"id-bba5ad8d7e99407787c00d9c8b8e0f7f";"id-b21499b418c443d8b18d033907ce1266"
"id-7dba5187364941fc938104403f62f418";"FlowRelationship";;;;"id-1bff260584824937b3af61bc7192acbc";"id-b21499b418c443d8b18d033907ce1266"
"id-9c1055799445464f81cf03dbefa228e6";"FlowRelationship";;;;"id-c94a44ffe0f3470b919507325e2d44df";"id-1bff260584824937b3af61bc7192acbc"
"id-6a7a5e716dda4214a2b1c437b4883fe6";"FlowRelationship";;;;"id-1bff260584824937b3af61bc7192acbc";"id-c94a44ffe0f3470b919507325e2d44df"
"id-3748a07ce5dd491b8fc840ebc05adf92";"FlowRelationship";;"document data";;"id-63500a4b6e0b4ff186e37322c0c90c8b";"id-c94a44ffe0f3470b919507325e2d44df"
"id-f860bff4524a4902a0dedc1299ee44a9";"FlowRelationship";;"document data";;"id-63500a4b6e0b4ff186e37322c0c90c8b";"id-1bff260584824937b3af61bc7192acbc"
"id-d70d77e1fdf547b682ca5117ed75f99d";"FlowRelationship";;;;"id-1bff260584824937b3af61bc7192acbc";"id-63500a4b6e0b4ff186e37322c0c90c8b"
"id-170fa935fabe4514a46babd171b1b675";"FlowRelationship";;"document data";;"id-63500a4b6e0b4ff186e37322c0c90c8b";"id-bba5ad8d7e99407787c00d9c8b8e0f7f"
"id-2a2d30dc964c4f06a56b8c843ffec57f";"FlowRelationship";;;;"id-bba5ad8d7e99407787c00d9c8b8e0f7f";"id-63500a4b6e0b4ff186e37322c0c90c8b"
"id-6b855c601a1346609753429a0afde590";"FlowRelationship";;"document data";;"id-63500a4b6e0b4ff186e37322c0c90c8b";"id-2f59e59f3b79494bbd471468e670bd79"
"id-956590f6d2124e6fa484042bd22fc2f7";"FlowRelationship";;;;"id-2f59e59f3b79494bbd471468e670bd79";"id-63500a4b6e0b4ff186e37322c0c90c8b"
"id-991a669d463a483a8a1586b95fb2bb5a";"CompositionRelationship";;;;"id-a79f8dfb0a3d4aa9aea196cad81b262c";"id-6610a957cdb44757b0b3f59ba7885bb3"
"id-4ea6a57a37a14a02ba78848d6dce065e";"CompositionRelationship";;;;"id-a79f8dfb0a3d4aa9aea196cad81b262c";"id-f3bac7dc9a2a4bd0a6ff856c57cde494"
"id-623b90477a7a403d8315f14aa3318fa1";"FlowRelationship";;;;"id-6610a957cdb44757b0b3f59ba7885bb3";"id-f3bac7dc9a2a4bd0a6ff856c57cde494"
"id-326b2709e1924249b0fec84b727920cb";"FlowRelationship";;"customer profile data";;"id-f3bac7dc9a2a4bd0a6ff856c57cde494";"id-6610a957cdb44757b0b3f59ba7885bb3"
"id-7f9bc3fd06484b51aa9063df40027e07";"FlowRelationship";;"customer data";;"id-6610a957cdb44757b0b3f59ba7885bb3";"id-b21499b418c443d8b18d033907ce1266"
"id-64a20bb3fca945c7916b1efcff509a60";"FlowRelationship";;;;"id-2c1fc56084664a4eab32bb1efdaf13bd";"id-72b308d751bc4514a9bc19187b8b7192"
"id-f93a96c6f99b401889b4228ab9d23944";"FlowRelationship";;;;"id-72b308d751bc4514a9bc19187b8b7192";"id-2c1fc56084664a4eab32bb1efdaf13bd"
"id-dcf26f99eb8247138d92f7e6b8d72a20";"FlowRelationship";;;;"id-72b308d751bc4514a9bc19187b8b7192";"id-04c6536ffd3349028e632cd6282fb5a2"
"id-e22cf6ad34eb4eee9c6d2f5740f92142";"ServingRelationship";;;;"id-700ece0e23a9459aa400aa17bdb89d65";"id-2c1fc56084664a4eab32bb1efdaf13bd"
"id-0513e7ea155347d5be2613278f6ee032";"ServingRelationship";;;;"id-700ece0e23a9459aa400aa17bdb89d65";"id-72b308d751bc4514a9bc19187b8b7192"
"id-044e40a76b3a490288b38ea710aedfdc";"ServingRelationship";;;;"id-1c4b9e58d20048ff8efc0cb43364aef9";"id-72b308d751bc4514a9bc19187b8b7192"
"id-04e0ca74bb8548208953b34ce445dbce";"ServingRelationship";;;;"id-700ece0e23a9459aa400aa17bdb89d65";"id-04c6536ffd3349028e632cd6282fb5a2"
"id-2ef073a2d5bc4ee59bf45c0e607f4116";"ServingRelationship";;;;"id-1c4b9e58d20048ff8efc0cb43364aef9";"id-04c6536ffd3349028e632cd6282fb5a2"
"id-00cadd8bc78743bba2e49fdc1db12cd5";"ServingRelationship";;;;"id-1c4b9e58d20048ff8efc0cb43364aef9";"id-2c1fc56084664a4eab32bb1efdaf13bd"
"id-31e3fc570736420b844bc1329321e28c";"CompositionRelationship";;;;"id-6610a957cdb44757b0b3f59ba7885bb3";"id-72b308d751bc4514a9bc19187b8b7192"
"id-c0e860c9bf3745f989ffc636e6e491f9";"CompositionRelationship";;;;"id-6610a957cdb44757b0b3f59ba7885bb3";"id-1c4b9e58d20048ff8efc0cb43364aef9"
"id-bd9e16528e1c42dfbe9bf50d3b681d28";"CompositionRelationship";;;;"id-6610a957cdb44757b0b3f59ba7885bb3";"id-2c1fc56084664a4eab32bb1efdaf13bd"
"id-86ef3546e219427bb7c8d374cff60b06";"CompositionRelationship";;;;"id-6610a957cdb44757b0b3f59ba7885bb3";"id-04c6536ffd3349028e632cd6282fb5a2"
"id-6a73f7a516d943a98518840f2f6bd0c3";"CompositionRelationship";;;;"id-6610a957cdb44757b0b3f59ba7885bb3";"id-700ece0e23a9459aa400aa17bdb89d65"
"id-95378bc9fb7d4846a81b825b0349aee9";"FlowRelationship";;;;"id-63500a4b6e0b4ff186e37322c0c90c8b";"id-6610a957cdb44757b0b3f59ba7885bb3"
"id-534b6350aa2042cf896ce36215c66e9b";"FlowRelationship";;;;"id-6610a957cdb44757b0b3f59ba7885bb3";"id-63500a4b6e0b4ff186e37322c0c90c8b"
"id-1a3f88a654704d0db4266c9afd06d628";"ServingRelationship";;;;"id-0298ab59585542049ffafaf8601de9ec";"id-7aeb79a8a4f1436994fab266369cfed0"
"id-24fce829b26044c9a236c0a4115e178f";"ServingRelationship";;;;"id-3ddec1a2903d434a8d7207223b24320f";"id-7aeb79a8a4f1436994fab266369cfed0"
"id-f22a1ba484b94176a67b95ce5aef930e";"ServingRelationship";;;;"id-9f8c3daa20d34e29a6e6cc0cdd0e088e";"id-07293b26ff584157a9675579b51872ae"
"id-43bbacaf9f064462b0daed9203196d41";"ServingRelationship";;;;"id-9f8c3daa20d34e29a6e6cc0cdd0e088e";"id-6e6386f7efae42a0a0763893ae33af01"
"id-5edff1d311304a0f9116895d4dddefb1";"ServingRelationship";;;;"id-9f8c3daa20d34e29a6e6cc0cdd0e088e";"id-14609439334e4b7b89814c9cdce8021d"
"id-85dff2d6630d48f2ad85c68113f36031";"ServingRelationship";;;;"id-7418c92f63464641adb57e53c9911eaf";"id-6e6386f7efae42a0a0763893ae33af01"
"id-cbfe84fc57a54b99aff5bcaf0e9f330d";"ServingRelationship";;;;"id-7418c92f63464641adb57e53c9911eaf";"id-02905dd4159f463b9156ad17904c6d1b"
"id-ddaf75ffff5d471eb1e07898038deab1";"ServingRelationship";;;;"id-2764b2a820d54e27bafc3e272e75a1fd";"id-02905dd4159f463b9156ad17904c6d1b"
"id-e8119b9300354106ade58108511e104e";"TriggeringRelationship";;;;"id-14609439334e4b7b89814c9cdce8021d";"id-02905dd4159f463b9156ad17904c6d1b"
"id-3434359fdc24493a9a3d005d2d7683f2";"FlowRelationship";;;;"id-6b76404bcb9a465495f5c261f5589835";"id-931aa56cd9714ed197a1e9cbfe4345e6"
"id-2485ac0bfc3c403c8568db37277e662c";"TriggeringRelationship";;;;"id-6d186483107347ee821bac3926126530";"id-e7b7f3711ba14fa1a1b381e641eea2a4"
"id-f7c5af124414492a86f408baa27a4232";"TriggeringRelationship";;;;"id-e7b7f3711ba14fa1a1b381e641eea2a4";"id-1d1108f313c845219b5b0b5da6a40e64"
"id-ac3e75c936d7421eb09b40e4fabbd039";"FlowRelationship";;;;"id-1d1108f313c845219b5b0b5da6a40e64";"id-6b76404bcb9a465495f5c261f5589835"
"id-59c8d51d91ce4242a4471a6e064cb6f2";"CompositionRelationship";;;;"id-a03daecf057a4a23908612b34f5d7f0d";"id-6d186483107347ee821bac3926126530"
"id-dc598677d513424c829055de42bbba31";"CompositionRelationship";;;;"id-a03daecf057a4a23908612b34f5d7f0d";"id-1d1108f313c845219b5b0b5da6a40e64"
"id-d6444b74050c4181b19bd98668d9325f";"CompositionRelationship";;;;"id-a03daecf057a4a23908612b34f5d7f0d";"id-e7b7f3711ba14fa1a1b381e641eea2a4"
"id-1519bae04f8c40c1944a8a160fb60580";"RealizationRelationship";;;;"id-f3bac7dc9a2a4bd0a6ff856c57cde494";"id-a03daecf057a4a23908612b34f5d7f0d"
"id-d03a574dc1db48b0aaa7adf352f9eaba";"AssociationRelationship";;;;"id-09743dfde18f41eeafab438cb453c486";"id-ac3e75c936d7421eb09b40e4fabbd039"
"id-a6b9dda5d6224ad88dd26c66ec83b2e8";"FlowRelationship";;;;"id-545855797e6f416ab5351b1794d30452";"id-6d186483107347ee821bac3926126530"
"id-61f9f7b21dde432e93d66437a9a650b3";"AssociationRelationship";;;;"id-ecb744cc4cc54e31aad353c235ca34c2";"id-a6b9dda5d6224ad88dd26c66ec83b2e8"
"id-76fc1cc3d876407292e4dc3be6cb1c2e";"AggregationRelationship";;;;"id-c2958184a9324f919fe6ce15a3d8460a";"id-a091a72e66c14a7ba491e56651932078"
"id-e622912a2f8b4fa289358602b186cbcc";"CompositionRelationship";;;;"id-a091a72e66c14a7ba491e56651932078";"id-2ff89b4b42ee43c2b43c234c2d1e891e"
"id-eb4677a9ada74c7aa93bd5148a9a1c32";"CompositionRelationship";;;;"id-a091a72e66c14a7ba491e56651932078";"id-17be38fda14e4974a39271e0b2f8393d"
"id-f05007fa80af41a98a119aefe589f2b1";"CompositionRelationship";;;;"id-a091a72e66c14a7ba491e56651932078";"id-76729d0315754f0a8f84ad981a3e68b7"
"id-4260641e71634ba6b851275d24cf5522";"AssociationRelationship";;;;"id-2ff89b4b42ee43c2b43c234c2d1e891e";"id-17be38fda14e4974a39271e0b2f8393d"
"id-2682dd9849cf409f9cd1b14436248b65";"AssociationRelationship";;;;"id-76729d0315754f0a8f84ad981a3e68b7";"id-17be38fda14e4974a39271e0b2f8393d"
"id-9cd4df7430c6420d8a3af85a50ab3ae1";"SpecializationRelationship";;;;"id-ef3e8f8b93f544fb8c431a95775d36a2";"id-17be38fda14e4974a39271e0b2f8393d"
"id-999a0dff97834038811c3997c5be1672";"SpecializationRelationship";;;;"id-7ddf3eac5c234aae848f141c48aa5858";"id-17be38fda14e4974a39271e0b2f8393d"
"id-506e1194221f49919c92e99ecccfb57b";"SpecializationRelationship";;;;"id-6f6dd4fd62cc43e5bc55a295c96acab7";"id-17be38fda14e4974a39271e0b2f8393d"
"id-f6cfdebe3cea4b7384f824607fc186f9";"SpecializationRelationship";;;;"id-8f29b76fd58a4f24a9de0242e65789fd";"id-17be38fda14e4974a39271e0b2f8393d"
"id-097f1bb261524ab1a55ea87ebc40265a";"RealizationRelationship";;;;"id-1bff260584824937b3af61bc7192acbc";"id-271504efc1c942178d331e3b726c9213"
"id-85dd61cd4260489d917833bf388dc3e5";"RealizationRelationship";;;;"id-1bff260584824937b3af61bc7192acbc";"id-a3d93032e3fb4c3aa1cea5b3eaffdd02"
"id-a85fc3a0978e4ee0b985392523eb19aa";"AccessRelationship";;;;"id-a3d93032e3fb4c3aa1cea5b3eaffdd02";"id-1a5f211f64da4ee68ae8ea71989f9af8"
"id-f055c690ecfb4b6d823b1425c0c5f414";"AccessRelationship";;;;"id-a3d93032e3fb4c3aa1cea5b3eaffdd02";"id-d8324da81db14608a5efd5072a7ad396"
"id-cd75375f295c47409590bf20a9057da3";"AccessRelationship";;;;"id-271504efc1c942178d331e3b726c9213";"id-cbe6d908acd84d5aa93972a33fcb9ab4"
"id-8f00eff9cd1a49aca38772e612c3c9aa";"RealizationRelationship";;;;"id-1a5f211f64da4ee68ae8ea71989f9af8";"id-17be38fda14e4974a39271e0b2f8393d"
"id-d007b6c4286c4943b805d56aa395d7f2";"RealizationRelationship";;;;"id-d8324da81db14608a5efd5072a7ad396";"id-76729d0315754f0a8f84ad981a3e68b7"
"id-309600c20d15420db2bbd48a0d79d0cd";"RealizationRelationship";;;;"id-cbe6d908acd84d5aa93972a33fcb9ab4";"id-c2958184a9324f919fe6ce15a3d8460a"
"id-2e4c6ed8dd2d49a284ecf7db13428cf3";"AssociationRelationship";;;;"id-fc81c59301c74e6091f5fc6a71806b90";"id-bacccb30a9344c55a3fdd2d91d4738eb"
"id-b3aa5f7022b44e67b877fbdb6e138c89";"AssociationRelationship";;;;"id-fc81c59301c74e6091f5fc6a71806b90";"id-3b96ef3dad1d4b09bc1d5efc6703422d"
"id-412ee9135c2244a688000841e8296598";"AssociationRelationship";;;;"id-fc81c59301c74e6091f5fc6a71806b90";"id-65a74ecebd19402d98e78521f3c9d258"
"id-cf92cb8ba47545f1a6aa48a990b97d5f";"CompositionRelationship";;;;"id-574fc77f3b454f0cb576969a401f2986";"id-65a74ecebd19402d98e78521f3c9d258"
"id-662e39ba39a64f85a0372dd4fd163b9b";"CompositionRelationship";;;;"id-750378272ad040ce814589603cff219d";"id-bacccb30a9344c55a3fdd2d91d4738eb"
"id-42032a0195d34b82851c132832960f08";"CompositionRelationship";;;;"id-8065100119454d47837f20c80e9c921c";"id-3b96ef3dad1d4b09bc1d5efc6703422d"
"id-f3bd772cc8ab486c84dd482d4ccdcdb2";"CompositionRelationship";;;;"id-750378272ad040ce814589603cff219d";"id-38fbc1ae8d194e9c9b540fc37a550b4e"
"id-37db87c586cc478e98571f64c4c1d196";"CompositionRelationship";;;;"id-750378272ad040ce814589603cff219d";"id-6554d3ff299f4f1da9f0a0a3e561ddb1"
"id-37f4960cec8c4636ae56aaf575ecacb6";"CompositionRelationship";;;;"id-574fc77f3b454f0cb576969a401f2986";"id-a7e5d59f13da4faebe1832f2bb5d4b90"
"id-5ac378c9fd384b818bed1908b5870d45";"CompositionRelationship";;;;"id-574fc77f3b454f0cb576969a401f2986";"id-76602ed754ba47d69987d2483fe99f71"
"id-06f2ed344dd147e1ac48176c3bac8fed";"CompositionRelationship";;;;"id-8065100119454d47837f20c80e9c921c";"id-f6972b6e413f45bd836c04dd5b3975cc"
"id-b0a8792d8b9c4564a4ef11c1bc24552a";"CompositionRelationship";;;;"id-a7e5d59f13da4faebe1832f2bb5d4b90";"id-3c738372322d4ee787a9387b03c9523b"
"id-09e9e744e8974781ad52a02f5403ff4f";"CompositionRelationship";;;;"id-76602ed754ba47d69987d2483fe99f71";"id-2bc2be7c5ab74035b1b554bc09c213cf"
"id-36b60003877f419a8f758a6d78f800d3";"CompositionRelationship";;;;"id-38fbc1ae8d194e9c9b540fc37a550b4e";"id-82345c862d534b09ba12aaca2e34dd03"
"id-b7f007216e15427c85f9a79307370c5d";"CompositionRelationship";;;;"id-38fbc1ae8d194e9c9b540fc37a550b4e";"id-4119b884e63a4636b38039e9acbeeecb"
"id-dfea1187d69941fa923c4562c245933d";"CompositionRelationship";;;;"id-6554d3ff299f4f1da9f0a0a3e561ddb1";"id-8ec059a348f3437b83c8e0c41054b246"
"id-c9402b0aa3f74f248271df46948ac16d";"CompositionRelationship";;;;"id-f6972b6e413f45bd836c04dd5b3975cc";"id-e3db9bcce34742c59d56a47f1eada354"
"id-0d4cf9f116d649f48fb5eef9e69b63a0";"AssociationRelationship";;;;"id-bacccb30a9344c55a3fdd2d91d4738eb";"id-82345c862d534b09ba12aaca2e34dd03"
"id-87e2335d8c5e4dfd860c252cfb048647";"AssociationRelationship";;;;"id-bacccb30a9344c55a3fdd2d91d4738eb";"id-4119b884e63a4636b38039e9acbeeecb"
"id-8bb6c90f9c5a4d8cbdbf0b8069e5f83e";"AssociationRelationship";;;;"id-bacccb30a9344c55a3fdd2d91d4738eb";"id-8ec059a348f3437b83c8e0c41054b246"
"id-edc750bfcfff40da901356130b1b90b2";"AssociationRelationship";;;;"id-3b96ef3dad1d4b09bc1d5efc6703422d";"id-e3db9bcce34742c59d56a47f1eada354"
"id-31710d03c2db42e68591d1ef43a149c6";"AssociationRelationship";;;;"id-65a74ecebd19402d98e78521f3c9d258";"id-2bc2be7c5ab74035b1b554bc09c213cf"
"id-477d7e094c264a68b5738d72c0fe04b3";"AssociationRelationship";;;;"id-65a74ecebd19402d98e78521f3c9d258";"id-3c738372322d4ee787a9387b03c9523b"
"id-aafa0e7802c242ceb3b0788289589938";"AssignmentRelationship";;;;"id-82345c862d534b09ba12aaca2e34dd03";"id-e545ad810861458a870230e767e458ee"
"id-4d06f9101f434c4d93e666f0ec33c090";"AssignmentRelationship";;;;"id-4119b884e63a4636b38039e9acbeeecb";"id-14f5221b0a3c411e9eac2502923bb570"
"id-f2cad22556d541e3886b89324fbd8d2a";"AccessRelationship";;;;"id-4119b884e63a4636b38039e9acbeeecb";"id-371932210a474c7cb33961fe60f9a86c"
"id-3a1d817b424144ce860ea891bd3d26b5";"AssignmentRelationship";;;;"id-8ec059a348f3437b83c8e0c41054b246";"id-5e0de9cf34dd4dc6a2993e19cb4b7ab7"
"id-51a95316419b40a18b2eda4ea0f8b194";"AssignmentRelationship";;;;"id-8ec059a348f3437b83c8e0c41054b246";"id-407fa7d8ea634cccb1cab201fc34c1a4"
"id-f40147c56bb341379933461f6415ef84";"AssignmentRelationship";;;;"id-e3db9bcce34742c59d56a47f1eada354";"id-7215c34337a94a83aaf27286ca26ff9a"
"id-7ab9ba1170114174a502b1622dcb5c12";"AssignmentRelationship";;;;"id-2bc2be7c5ab74035b1b554bc09c213cf";"id-7ec6d44c75e7499581c16427b0c779d3"
"id-2a4cefc46fca4b2bb3430cb31e5c38da";"AssignmentRelationship";;;;"id-3c738372322d4ee787a9387b03c9523b";"id-123918315d974b0b8ac5657bd832c448"
"id-66c3a6e8447a4973977c41007b290f09";"CompositionRelationship";;;;"id-750378272ad040ce814589603cff219d";"id-ee2b8ba9fd6a4591ad7409b51e02acb7"
"id-a9232392e1444928bc39e3ecda86dc81";"AssociationRelationship";;;;"id-bacccb30a9344c55a3fdd2d91d4738eb";"id-ee2b8ba9fd6a4591ad7409b51e02acb7"
"id-b45701c486c0499fad48f4fee5b4ec33";"CompositionRelationship";;;;"id-6554d3ff299f4f1da9f0a0a3e561ddb1";"id-9cc4806e78a64658a30ff5c151b87ac8"
"id-c6de0c7794be4fde8c6908429e25cab6";"AssignmentRelationship";;;;"id-9cc4806e78a64658a30ff5c151b87ac8";"id-7ec6d44c75e7499581c16427b0c779d3"
"id-1db27262c25c42c69598aa3bea537b9a";"CompositionRelationship";;;;"id-76602ed754ba47d69987d2483fe99f71";"id-c4cfc11a161c46b5bc7cc50cbbff9f88"
"id-7bb4d37114264a209a8cfa99d50c54c2";"AccessRelationship";;;;"id-c4cfc11a161c46b5bc7cc50cbbff9f88";"id-ed85d463a38e43a5997bfcbf7d836dd5"
"id-0b66f55f182848e9a406e56882c7f6ab";"CompositionRelationship";;;;"id-e422717d48e94092910e1f2a19e7734f";"id-b889e819050d4258a3674e0336256d02"
"id-7a1335a4a4374728bd977c1cd4baf1ea";"AssociationRelationship";;;;"id-1579f74ba9814643af5058fc09c2d9fd";"id-49eef22223b84cd196ca2a3391d8990a"
"id-b0b4c75f7f25424aa201ccf9aed42329";"AggregationRelationship";;;;"id-d2022025a9f24d838c52f977f5935eb3";"id-1579f74ba9814643af5058fc09c2d9fd"
"id-3813566918334a1c9e0b2f4e92b3b566";"AggregationRelationship";;;;"id-d2022025a9f24d838c52f977f5935eb3";"id-6fb803588cdf459ebe78c76631918499"
"id-474984c919794ee79cebf40a6f97996b";"SpecializationRelationship";;;;"id-24b6348692f14afd951291c5f8cf060a";"id-b889e819050d4258a3674e0336256d02"
"id-6b5005dea5f54bd9ba88e044ad55734c";"SpecializationRelationship";;;;"id-72229589d0a34eafbccc533881013293";"id-b889e819050d4258a3674e0336256d02"
"id-807ed47a044641608add680635f720da";"SpecializationRelationship";;;;"id-6fb803588cdf459ebe78c76631918499";"id-b889e819050d4258a3674e0336256d02"
"id-9c3fcb0981cd4f13b7a04e542e02af7b";"SpecializationRelationship";;;;"id-1579f74ba9814643af5058fc09c2d9fd";"id-b889e819050d4258a3674e0336256d02"
"id-8e6b4d4601c94a84913233b01e112001";"CompositionRelationship";;;;"id-e422717d48e94092910e1f2a19e7734f";"id-24b6348692f14afd951291c5f8cf060a"
"id-7a2eb43f00e74f5f8cbdf420bfc7c9dd";"CompositionRelationship";;;;"id-e422717d48e94092910e1f2a19e7734f";"id-6fb803588cdf459ebe78c76631918499"
"id-435edd331f144f79a90f06b886daf9e4";"CompositionRelationship";;;;"id-e422717d48e94092910e1f2a19e7734f";"id-72229589d0a34eafbccc533881013293"
"id-ca78accfcc4f4601b823994784e43bbd";"CompositionRelationship";;;;"id-e422717d48e94092910e1f2a19e7734f";"id-1579f74ba9814643af5058fc09c2d9fd"
"id-35b4ff8167bb46e091c02988ba4a77f1";"CompositionRelationship";;;;"id-e422717d48e94092910e1f2a19e7734f";"id-49eef22223b84cd196ca2a3391d8990a"
"id-9937925727974487b8043372f2ffc085";"CompositionRelationship";;;;"id-e422717d48e94092910e1f2a19e7734f";"id-d2022025a9f24d838c52f977f5935eb3"
"id-c750dc0cc4c54dd699a5c8e42cc6b1f9";"FlowRelationship";;;;"id-b889e819050d4258a3674e0336256d02";"id-ee2b8ba9fd6a4591ad7409b51e02acb7"
"id-86ec537da0a145628a76bc7b3b8c5e2a";"CompositionRelationship";;;;"id-40ceb8af4e564a77a64c2ef711ea57f5";"id-3fceb27c6070442e830c7b62e6206b96"
"id-8806ef6699904736bd32bf9eb4bf9405";"CompositionRelationship";;;;"id-40ceb8af4e564a77a64c2ef711ea57f5";"id-4bf08111e77046e58aa513faf75206fe"
"id-90d0ac8d43f24740a1fefea8d8aee3c9";"CompositionRelationship";;;;"id-40ceb8af4e564a77a64c2ef711ea57f5";"id-01f27a0ee02d4fff854399d19446f581"
"id-bd84ecb0e026470fb3a5a2cb5a8404ba";"ServingRelationship";;;;"id-40ceb8af4e564a77a64c2ef711ea57f5";"id-b889e819050d4258a3674e0336256d02"
"id-28fb8f598f204a18b441e6110a28a65c";"AssignmentRelationship";;;;"id-479bc550b1884fca9cd95c1f112a12be";"id-40ceb8af4e564a77a64c2ef711ea57f5"
"id-202cf4b35c0546a2b8662c48762576b5";"AssignmentRelationship";;;;"id-ee2b8ba9fd6a4591ad7409b51e02acb7";"id-545855797e6f416ab5351b1794d30452"
"id-a097d5d397084bb6b05bf950a623a043";"AssignmentRelationship";;;;"id-ee2b8ba9fd6a4591ad7409b51e02acb7";"id-e9469e521dec4e2c8e2c7c9ab3d4866b"
"id-08a5ac0a345b447bb5ee1d777877a96a";"AssignmentRelationship";;;;"id-e9469e521dec4e2c8e2c7c9ab3d4866b";"id-545855797e6f416ab5351b1794d30452"
"id-73c408d026df43f4b09a79f24f227d76";"ServingRelationship";;;;"id-986a9280877b4afea21b3d4aec0667da";"id-ee2b8ba9fd6a4591ad7409b51e02acb7"
"id-325b65bb51fc4e9ea730751c48063e03";"CompositionRelationship";;;;"id-ee2b8ba9fd6a4591ad7409b51e02acb7";"id-479bc550b1884fca9cd95c1f112a12be"
"id-9641eeeac3894ade957445c582b6edeb";"RealizationRelationship";;;;"id-545855797e6f416ab5351b1794d30452";"id-40ceb8af4e564a77a64c2ef711ea57f5"
"id-37acab5edc01492784c31c51d9886d1d";"TriggeringRelationship";;;;"id-044d2a287dd34b599c8e1320ece22089";"id-57ec01d1eca94c96b297b9f8e8eb49da"
"id-a2c22b15301c4bddb176f667d9757af9";"TriggeringRelationship";;;;"id-57ec01d1eca94c96b297b9f8e8eb49da";"id-797c775acc904e4ba11ac066f02009d5"
"id-0b25d1e8de114fa8a600fa1ed4b62381";"TriggeringRelationship";;;;"id-57ec01d1eca94c96b297b9f8e8eb49da";"id-a4c8bf2f1fec4135a1a74805bdb30ba9"
"id-47119f5e37fd41a38be733f21b6d4ee4";"TriggeringRelationship";;;;"id-797c775acc904e4ba11ac066f02009d5";"id-e875afae71a740208ae6c31b28c35e73"
"id-42ebeb793ac846e9a198ff7955ec48ec";"TriggeringRelationship";;;;"id-a4c8bf2f1fec4135a1a74805bdb30ba9";"id-e875afae71a740208ae6c31b28c35e73"
"id-5eebd691ba79403d84633f45e220ccdc";"TriggeringRelationship";;;;"id-e875afae71a740208ae6c31b28c35e73";"id-5990e214084145f79bdb9984f437610f"
"id-b8cad1c45bbd4503afae5bb3e2ad16c6";"TriggeringRelationship";;;;"id-5990e214084145f79bdb9984f437610f";"id-8146627f108f456eb65c96a42b41253f"
"id-8ecd71bbcb9b4273837bf1c6257158c3";"CompositionRelationship";;;;"id-c062a987dc4a4c67a64e5f45b0c9f605";"id-83ff4e85699c43d6acda84f4123b8439"
"id-dcf5827bf35c4de48db1643b2cb6d69d";"CompositionRelationship";;;;"id-c062a987dc4a4c67a64e5f45b0c9f605";"id-067a1a975ffe4f178e5f766679dc1b3f"
"id-7df9f0b4031c4659b036706d44f97321";"CompositionRelationship";;;;"id-c062a987dc4a4c67a64e5f45b0c9f605";"id-d252ba1f03e145fbbd0a0e2a51f2339d"
"id-97db41c01677490292fdba73e2152310";"RealizationRelationship";;;;"id-cab643176103473f846121ad2075ee8a";"id-ee2b8ba9fd6a4591ad7409b51e02acb7"
"id-e5b1a6bd52a44b75b3e624bb7570f5b6";"RealizationRelationship";;;;"id-83ff4e85699c43d6acda84f4123b8439";"id-3c738372322d4ee787a9387b03c9523b"
"id-35c9396619f547afa5a707c53590c660";"RealizationRelationship";;;;"id-83ff4e85699c43d6acda84f4123b8439";"id-e3db9bcce34742c59d56a47f1eada354"
"id-8a1d5b7700914856980947bdc04f5a5d";"RealizationRelationship";;;;"id-067a1a975ffe4f178e5f766679dc1b3f";"id-8ec059a348f3437b83c8e0c41054b246"
"id-208736905f404229883e237e0f0a62a8";"RealizationRelationship";;;;"id-067a1a975ffe4f178e5f766679dc1b3f";"id-c4cfc11a161c46b5bc7cc50cbbff9f88"
"id-1beb32ebbe084584aa303441451f9e74";"RealizationRelationship";;;;"id-edcdf887d79345a48dcf029b4974e8d5";"id-867102366ca34f68af18f77a4314116c"
"id-6fd7631d0b8948e6ac95fb953daa6ab0";"RealizationRelationship";;;;"id-edcdf887d79345a48dcf029b4974e8d5";"id-b21499b418c443d8b18d033907ce1266"
"id-1112f05a88f546adb15669012f60857a";"RealizationRelationship";;;;"id-4119b884e63a4636b38039e9acbeeecb";"id-de38273919394e238e6df505d2521689"
"id-d96689f3d82947478e3cb9cb02f06a15";"RealizationRelationship";;;;"id-4119b884e63a4636b38039e9acbeeecb";"id-b21499b418c443d8b18d033907ce1266"
"id-4ea562e30fb94fed934c4b770ee072c7";"RealizationRelationship";;;;"id-4119b884e63a4636b38039e9acbeeecb";"id-867102366ca34f68af18f77a4314116c"
"id-933da2312d724c0bbe671e37f3fe0f53";"RealizationRelationship";;;;"id-e3db9bcce34742c59d56a47f1eada354";"id-2f59e59f3b79494bbd471468e670bd79"
"id-2918dc87cd6e461d86be6329313c9115";"RealizationRelationship";;;;"id-3c738372322d4ee787a9387b03c9523b";"id-bba5ad8d7e99407787c00d9c8b8e0f7f"
"id-0b02ceb7cce0435399b63b04364fbac5";"RealizationRelationship";;;;"id-83ff4e85699c43d6acda84f4123b8439";"id-2f59e59f3b79494bbd471468e670bd79"
"id-264e5cb6d33b4bd6a8af89c34f7eb453";"RealizationRelationship";;;;"id-83ff4e85699c43d6acda84f4123b8439";"id-bba5ad8d7e99407787c00d9c8b8e0f7f"
"id-c3afdbe2ca3d49318a726e83c99fd3fb";"RealizationRelationship";;;;"id-83ff4e85699c43d6acda84f4123b8439";"id-c94a44ffe0f3470b919507325e2d44df"
"id-8abc6ab0839e4892aa7c9784ffff86f7";"RealizationRelationship";;;;"id-d252ba1f03e145fbbd0a0e2a51f2339d";"id-6610a957cdb44757b0b3f59ba7885bb3"
"id-88d46e94d3094177ac313e473a0cdbd5";"RealizationRelationship";;;;"id-cab643176103473f846121ad2075ee8a";"id-f3bac7dc9a2a4bd0a6ff856c57cde494"
"id-c91f72c3dd2c42ccade28c4f9ff281c7";"RealizationRelationship";;;;"id-8ec059a348f3437b83c8e0c41054b246";"id-c94a44ffe0f3470b919507325e2d44df"
"id-c257b07fc87f41adac2aab7ca1ec41f8";"RealizationRelationship";;;;"id-8ec059a348f3437b83c8e0c41054b246";"id-6610a957cdb44757b0b3f59ba7885bb3"
